{
  "system": {
    "chip": "Apple M5 Pro",
    "memory_gb": 64,
    "os": "macOS 26.4",
    "ollama_version": "0.20.2",
    "hostname": "local-machine"
  },
  "model_info": {
    "parameter_size": "30.5B",
    "quantization_level": "Q4_K_M",
    "family": "qwen3moe",
    "format": "gguf",
    "context_length": 262144,
    "capabilities": [
      "completion",
      "tools"
    ]
  },
  "iterations": 3,
  "eval_tokens_per_sec": {
    "min": 72.71216308599598,
    "max": 75.55946433095991,
    "mean": 74.43500468034901,
    "median": 75.03338662409114
  },
  "prompt_eval_tokens_per_sec": {
    "min": 566.0564546471601,
    "max": 42536.03278350322,
    "mean": 27446.910742950644,
    "median": 39238.64299070155
  },
  "eval_duration_sec": {
    "min": 11.808076909,
    "max": 12.845168681,
    "mean": 12.338123602666665,
    "median": 12.361125218
  },
  "prompt_eval_duration_sec": {
    "min": 0.013329875,
    "max": 1.001666875,
    "mean": 0.3431489303333333,
    "median": 0.014450041
  },
  "ttft_sec": {
    "min": 0.056280958,
    "max": 3.756443291,
    "mean": 1.290167541,
    "median": 0.057778374
  },
  "load_duration_sec": {
    "min": 0.042951083,
    "max": 2.754776416,
    "mean": 0.9470186106666666,
    "median": 0.043328333
  },
  "total_duration_sec": {
    "min": 12.631925041,
    "max": 15.820121708,
    "mean": 13.857254749666668,
    "median": 13.1197175
  },
  "avg_eval_count": 918,
  "avg_prompt_eval_count": 567
}
