{
  "system": {
    "chip": "Apple M5 Pro",
    "memory_gb": 64,
    "os": "macOS 26.4",
    "ollama_version": "0.20.0",
    "hostname": "local-machine"
  },
  "model_info": {
    "parameter_size": "31.3B",
    "quantization_level": "Q4_K_M",
    "family": "gemma4",
    "format": "gguf",
    "context_length": 262144,
    "capabilities": [
      "completion",
      "vision",
      "tools",
      "thinking"
    ]
  },
  "iterations": 3,
  "eval_tokens_per_sec": {
    "min": 13.42429007480667,
    "max": 13.520578987263827,
    "mean": 13.487878176689868,
    "median": 13.518765467999106
  },
  "prompt_eval_tokens_per_sec": {
    "min": 78.32576140367588,
    "max": 1123.3921774832504,
    "mean": 758.7671928928758,
    "median": 1074.583639791701
  },
  "eval_duration_sec": {
    "min": 33.504482347,
    "max": 33.744801213,
    "mean": 33.58608682533333,
    "median": 33.508976916
  },
  "prompt_eval_duration_sec": {
    "min": 0.072993209,
    "max": 1.046909708,
    "mean": 0.3987371806666667,
    "median": 0.076308625
  },
  "load_duration_sec": {
    "min": 0.100967,
    "max": 3.989260292,
    "mean": 1.398180014,
    "median": 0.10431275
  },
  "total_duration_sec": {
    "min": 33.846638292,
    "max": 39.034371042,
    "mean": 35.57688686133333,
    "median": 33.84965125
  },
  "avg_eval_count": 453,
  "avg_prompt_eval_count": 82
}
