{
  "system": {
    "chip": "Apple M5 Pro",
    "memory_gb": 64,
    "os": "macOS 26.4",
    "ollama_version": "0.20.0",
    "hostname": "local-machine"
  },
  "model_info": {
    "parameter_size": "35.1B",
    "quantization_level": "nvfp4",
    "family": "qwen3_5_moe",
    "format": "safetensors",
    "context_length": 262144,
    "capabilities": [
      "completion",
      "vision",
      "thinking",
      "tools"
    ]
  },
  "iterations": 3,
  "eval_tokens_per_sec": {
    "min": 56.04774601702411,
    "max": 71.80082218859415,
    "mean": 66.32534322535871,
    "median": 71.12746147045787
  },
  "prompt_eval_tokens_per_sec": {
    "min": 752.3441534182574,
    "max": 24270.327377176774,
    "mean": 12957.658029695871,
    "median": 13850.302558492584
  },
  "eval_duration_sec": {
    "min": 16.712900541,
    "max": 21.410316833,
    "mean": 18.331446083,
    "median": 16.871120875
  },
  "prompt_eval_duration_sec": {
    "min": 0.025051166,
    "max": 0.808140792,
    "mean": 0.2923633053333333,
    "median": 0.043897958
  },
  "load_duration_sec": {
    "min": 0.021594375,
    "max": 0.023074875,
    "mean": 0.022169916666666668,
    "median": 0.0218405
  },
  "total_duration_sec": {
    "min": 16.937700917,
    "max": 21.457808958,
    "mean": 18.647082972333333,
    "median": 17.545739042
  },
  "avg_eval_count": 1200,
  "avg_prompt_eval_count": 608
}
