{
  "system": {
    "chip": "Apple M5 Pro",
    "memory_gb": 64,
    "os": "macOS 26.4",
    "ollama_version": "0.20.2",
    "hostname": "local-machine"
  },
  "model_info": {
    "parameter_size": "36.0B",
    "quantization_level": "Q4_K_M",
    "family": "qwen35moe",
    "format": "gguf",
    "context_length": 262144,
    "capabilities": [
      "completion",
      "vision",
      "tools",
      "thinking"
    ]
  },
  "iterations": 3,
  "eval_tokens_per_sec": {
    "min": 36.949922542503046,
    "max": 38.56448431947725,
    "mean": 37.70192719221148,
    "median": 37.591374714654116
  },
  "prompt_eval_tokens_per_sec": {
    "min": 162.32171594815478,
    "max": 286.13712436318565,
    "mean": 244.7586711342561,
    "median": 285.81717309142783
  },
  "eval_duration_sec": {
    "min": 8.116276038,
    "max": 8.470924388,
    "mean": 8.304526182666667,
    "median": 8.326378122
  },
  "ttft_sec": {
    "min": 0.293565542,
    "max": 0.517490833,
    "mean": 0.36831684733333336,
    "median": 0.293894167
  },
  "load_duration_sec": {
    "min": 0.077648125,
    "max": 3.960917958,
    "mean": 1.378432597,
    "median": 0.096731708
  },
  "total_duration_sec": {
    "min": 8.619309083,
    "max": 12.961606083,
    "mean": 10.179133847000001,
    "median": 8.956486375
  },
  "avg_eval_count": 313,
  "avg_prompt_eval_count": 84
}
