{
  "system": {
    "chip": "Apple M5 Pro",
    "memory_gb": 64,
    "os": "macOS 26.4",
    "ollama_version": "0.20.2",
    "hostname": "local-machine"
  },
  "model_info": {
    "parameter_size": "36.0B",
    "quantization_level": "Q4_K_M",
    "family": "qwen35moe",
    "format": "gguf",
    "context_length": 262144,
    "capabilities": [
      "completion",
      "vision",
      "tools",
      "thinking"
    ]
  },
  "iterations": 3,
  "eval_tokens_per_sec": {
    "min": 38.2520475041498,
    "max": 39.609909918240746,
    "mean": 38.74531973112354,
    "median": 38.37400177098007
  },
  "prompt_eval_tokens_per_sec": {
    "min": 436.5825074333333,
    "max": 1827.620020091816,
    "mean": 1349.1773776005327,
    "median": 1783.329605276449
  },
  "eval_duration_sec": {
    "min": 30.295448853,
    "max": 31.370869752,
    "mean": 30.979163450666665,
    "median": 31.271171747
  },
  "prompt_eval_duration_sec": {
    "min": 0.33322025,
    "max": 1.394925334,
    "mean": 0.6898805416666667,
    "median": 0.341496041
  },
  "ttft_sec": {
    "min": 0.431272375,
    "max": 5.268400584,
    "mean": 2.0461109583333332,
    "median": 0.438659916
  },
  "load_duration_sec": {
    "min": 0.097163875,
    "max": 3.87347525,
    "mean": 1.3562304166666665,
    "median": 0.098052125
  },
  "total_duration_sec": {
    "min": 32.149259875,
    "max": 36.075813125,
    "mean": 33.48782243066666,
    "median": 32.238394292
  },
  "avg_eval_count": 1200,
  "avg_prompt_eval_count": 609
}
