{
  "system": {
    "chip": "Apple M5 Pro",
    "memory_gb": 64,
    "os": "macOS 26.4",
    "ollama_version": "0.20.0",
    "hostname": "local-machine"
  },
  "model_info": {
    "parameter_size": "31.3B",
    "quantization_level": "Q4_K_M",
    "family": "gemma4",
    "format": "gguf",
    "context_length": 262144,
    "capabilities": [
      "completion",
      "vision",
      "tools",
      "thinking"
    ]
  },
  "iterations": 3,
  "eval_tokens_per_sec": {
    "min": 12.48193466604353,
    "max": 12.801783144992084,
    "mean": 12.69269494474502,
    "median": 12.794367023199438
  },
  "prompt_eval_tokens_per_sec": {
    "min": 102.68342910954269,
    "max": 8384.654133017013,
    "mean": 5603.29712011337,
    "median": 8322.553798213554
  },
  "eval_duration_sec": {
    "min": 79.83262866,
    "max": 81.878332754,
    "mean": 80.52995474233332,
    "median": 79.878902813
  },
  "prompt_eval_duration_sec": {
    "min": 0.07692625,
    "max": 6.281441958,
    "mean": 2.145289486,
    "median": 0.07750025
  },
  "load_duration_sec": {
    "min": 0.104119625,
    "max": 4.01934125,
    "mean": 1.4173193333333334,
    "median": 0.128497125
  },
  "total_duration_sec": {
    "min": 80.453024334,
    "max": 90.57182575,
    "mean": 84.490011903,
    "median": 82.445185625
  },
  "avg_eval_count": 1022,
  "avg_prompt_eval_count": 645
}
