{
  "system": {
    "chip": "Apple M5 Pro",
    "memory_gb": 64,
    "os": "macOS 26.4",
    "ollama_version": "0.20.2",
    "hostname": "local-machine"
  },
  "model_info": {
    "parameter_size": "30.5B",
    "quantization_level": "Q4_K_M",
    "family": "qwen3moe",
    "format": "gguf",
    "context_length": 262144,
    "capabilities": [
      "completion",
      "tools"
    ]
  },
  "iterations": 3,
  "eval_tokens_per_sec": {
    "min": 77.00170741469749,
    "max": 79.12156113595321,
    "mean": 78.33079061094652,
    "median": 78.86910328218885
  },
  "prompt_eval_tokens_per_sec": {
    "min": 177.95172366177272,
    "max": 5394.187237843375,
    "mean": 3507.226453775055,
    "median": 4949.540399820017
  },
  "eval_duration_sec": {
    "min": 3.816911543,
    "max": 3.921990955,
    "mean": 3.8560106236666662,
    "median": 3.829129373
  },
  "prompt_eval_duration_sec": {
    "min": 0.014274625,
    "max": 0.432701625,
    "mean": 0.15417775,
    "median": 0.015557
  },
  "ttft_sec": {
    "min": 0.057212583,
    "max": 3.11808325,
    "mean": 1.0843960830000001,
    "median": 0.077892416
  },
  "load_duration_sec": {
    "min": 0.041655583,
    "max": 2.685381625,
    "mean": 0.930218333,
    "median": 0.063617791
  },
  "total_duration_sec": {
    "min": 3.941905458,
    "max": 7.159234375,
    "mean": 5.025244861,
    "median": 3.97459475
  },
  "avg_eval_count": 302,
  "avg_prompt_eval_count": 77
}
